悦湖新著,14300
招商奥体公园,16924
华润万橡府,16000
海伦堡雅居乐玖悦府,15000
乐富强湖光秋色花园,13399
禹洲中央城,14988
乐富强观悦台,17300
禹洲嘉誉尚里,16500
意禾阅湖登科,17800
文一朗书轩,16713
意禾金茂学林拾光,15297
国贸Z原,16885
城建琥珀菁华里,15675
光合森林,16500
金茂融创邦泰云起星辰,16800
新站广场,8000
弘盛商业广场,18000
银城旭辉樾溪_,14335
南山柠檬郡,14335
龙湖星悦广场,20000
绿都地产少荃府,13300
正荣悦都荟,14800
华地・紫悦府,13767
隆昊昊天园,16666
文一锦门学院里,14335
朗香书院,13524
当代MOMΛ未来城,14046
金辉悦府,14595
隆昊昊博园,14232
七里香榭,16810
莱茵河畔花园,14412
金成港湾,14600
天目未来,17580
大富新领地新街,15749
家天下生活广场商铺,14377
高速中央公园,16800
乐富强悦澜湾,13000
中海熙岸,14095
美的金科郡,9000
新力弘阳湖语时光,15385
力高大发君御天下,14335
保利罗兰香谷,16404
招商?公园1872,13972
长虹世纪荣廷,13929
力高君御世家,15775
大富新领地,16257
文一陶冲湖城市广场,13339
园上园,14391
构峰源公馆,17505
帝豪星港湾,13941
皇家尚品,16740
巴黎春天,14169
玉承和,19831
京商商贸城,14388
龙湾国际公寓,14103
新站九余三,16724
中海熙园,8500
金辉锦绣云庭,17200
中建开元御湖公馆,14187
龙湖春江紫宸,14335
学林春晓,8500
合肥雅郡,13149
绿地柏仕公馆,16000
皖投万科天下艺境,14000
和昌香樟原著,14500
绿地香树花城,13709
中环云公馆,15687
陶冲湖别院,13967
华润熙云府,16394
家天下,14086
银领时代,14693
康城静林湾,14297
光盛豪庭,13995
唯客武里山天街,15709
力高旺角荟,15775
同济自由都市,14965
裕安大厦,16613
