越秀星汇君澜,20218
龙湖亚伦学樘府,17168
百大东城印象,13000
文一墨香轩,17061
伟星东新壹号,16300
保利招商时光印象,19000
置地中心,15986
伟星玖玺台,17400
保利海上明悦,16500
龙湖上城,19000
安建翰林天筑,18000
文一繁华轩,17600
中天胜利58,21400
伟星长江赋,21500
城建琥珀东樾里,18600
柏庄金座,9800
一尔悦城,13000
龙湖天玺荟,29999
龙湖车桥新界,35000
远大九璟湾,15084
翡丽东方,16500
文一锦门云栖新语,18440
和悦风华,16850
龙湖天璞,8500
美好时代,15000
大发长安融悦四季,13809
龙湖天玺,18000
新力东园,13000
金大地天元府,20000
龙湖春江郦城,18440
融侨星域,15500
龙湖瑶海天街,13733
春晖里,13000
金科海昱东方,16850
保利熙悦府,17020
文一云溪湾,14089
文一锦门学府里,18440
蓝光时代红街,19082
保利罗兰春天,18440
春天城市广场,15856
闽商国贸中心,15949
大众时代之光,19185
百大东兴家园,13000
文一名门广场,14117
恒大城,18440
金辉枫尚,14897
海洲景秀世家,18440
圣地亚哥,18440
创智坊,18440
博澳名苑,15610
花溪龙庭,18440
晟地东三里,15333
信达格兰云天,14600
华润紫云府,16050
百大周谷堆农产品国际物流园,14380
华裕家园,15084
圣大国际商业广场写字楼,16192
沪兴物流商贸中心项目,16509
龙湖春江荟,7500
恒大中央广场瞰湖小户,18317
信达溪岸观邸,14999
广和花园,16850
东环中心,15855
东方摩域艺术商业广场,15800
禹洲郎溪上里,16750
城建琥珀东华府,13500
新城桃李郡,18440
海尔智慧公馆,14606
弘阳昕悦府,16850
磨店百大商业广场,14522
保利东郡,14980
和平盛世,16690
京冠万城华府,18440
金色梧桐,17987
皇马花园,18440
金水湾花园,14791
东方早城,16850
伟华22世纪,18440
圣大国际阳光5米6,18066
中商一环铭座,16164
瑞泰星河港湾,14600
星期八公社,15957
恒盛豪庭,15999
文一云河湾,18440
文一名门皇马,18440
梓晨公馆,18440
城建琥珀名城,18440
icar,15855
诚发水岸花园,18440
万邻坊,15018
静安新天地,18440
正创日出印象,18440
丽水天锦苑,18440
西子银马,17857
恒大中央广场商铺,19233
瑶海万达广场,15070
万博汇,15849
宝文白马三期,16613
现代花苑,15084
皇马馫街,14229
静安睿园,18440
淮矿和平盛世,16620
海尔智慧公馆商住,7500
佳源新安印象,14621
公园天著,13199
四季春晓,18440
坝上街环球中心尚海汇,17645
信地城市广场藏龙阁,15234
恒大中央广场,19233
禹洲珑玥湾,18440
坝上街环球中心,20526
柏庄时代中心,14932
文一名门名城,18440
柏庄春暖花开,15440
瑶海万达广场住宅,15121
鼎元府邸,15084
大众城市之光,15084
景隆现代城,14053
宝业东城广场,15811
天时东崃,16850
信达溪岸观邸,14999
广和花园,16850
东环中心,15855
东方摩域艺术商业广场,15800
禹洲郎溪上里,16750
城建琥珀东华府,13500
新城桃李郡,18440
海尔智慧公馆,14606
弘阳昕悦府,16850
磨店百大商业广场,14522
保利东郡,14980
和平盛世,16690
京冠万城华府,18440
金色梧桐,17987
皇马花园,18440
金水湾花园,14791
东方早城,16850
伟华22世纪,18440
圣大国际阳光5米6,18066
中商一环铭座,16164
瑞泰星河港湾,14600
星期八公社,15957
恒盛豪庭,15999
文一云河湾,18440
文一名门皇马,18440
梓晨公馆,18440
城建琥珀名城,18440
icar,15855
诚发水岸花园,18440
万邻坊,15018
静安新天地,18440
正创日出印象,18440
丽水天锦苑,18440
西子银马,17857
恒大中央广场商铺,19233
瑶海万达广场,15070
万博汇,15849
宝文白马三期,16613
现代花苑,15084
皇马馫街,14229
静安睿园,18440
淮矿和平盛世,16620
海尔智慧公馆商住,7500
佳源新安印象,14621
公园天著,13199
四季春晓,18440
坝上街环球中心尚海汇,17645
信地城市广场藏龙阁,15234
恒大中央广场,19233
禹洲珑玥湾,18440
坝上街环球中心,20526
柏庄时代中心,14932
文一名门名城,18440
柏庄春暖花开,15440
瑶海万达广场住宅,15121
鼎元府邸,15084
大众城市之光,15084
景隆现代城,14053
宝业东城广场,15811
天时东崃,16850
