天鹅湖ΜΟΜΛ商办,25090
政务星座,24765
融创合肥壹号院商铺,25701
融创合肥壹号院,25701
置地广场栢悦府,25811
华润凯旋门,25005
天珑广场,24765
置地广场栢悦公馆,24846
旭辉中央宫园,24239
绿地内森庄园,26962
白天鹅国际商务中心,26347
天鹅湖9号,24624
华润中心时与间,24897
茗香苑,24188
中侨合肥映巷,14990
蔚蓝商务港,25000
新城国际,25395
卓誉中心,24698
天鹅湖万达广场,7797
香溢天鹅湖,24850
天珑广场商铺,24698
万象商街,25005
天徽商业广场,25534
中侨中心,25906
文一名门首府,26487
天鹅湖ΜΟΜΛ,25046
保利香槟国际,26496
融创九重锦,25913
融侨天骏,26547
华邦世贸城,25714
国贸天琴湾,25627
信达水岸茗都,25752
发能太阳海岸,26547
三盛颐景园,25418
亚华新城邦,23928
融创合肥壹号院商办空间,25408
百利中心,25408
中侨中心商铺,25906
琥珀五环国际,24222
华润大厦,24897
融创信达政务壹号时光印,18500
融创·信达政务壹号,23592
文一品一墅,26517
当代ΜΟΜΛ,25845
新地中心,25415
国建香榭水都,26423
森林海,26330
城建琥珀五环城,24295
宋都西湖花苑,25150
水墨兰庭,26155
岸上玫瑰,26500
置地广场写字楼,24910
亿诺商务中心,26740
华邦ICC,25714
金潜广场,9517
